note_id,note_patient_id,note_room_id,date_created,s_problem,s_code_status,s_BP,s_pulse,s_respiration,s_temperature,s_o2,s_concern_bp,s_concern_pulse,s_concern_temp,s_concern_respiration,b_awareness_alert_oriented,b_awareness_confused_cooperative,b_awareness_non_coop_agit_combative,b_awareness_lethargic,b_awareness_stuporous,b_awareness_comatose,b_skin_warm_dry,b_skin_pale,b_skin_mottled,b_skin_diaphoretic,b_skin_extremities_cold,b_skin_extremities_warm,b_o2_time,b_oximeter_detection,a_problem,a_problem_cardiac,a_problem_infection,a_problem_neurologic,a_problem_respitory,a_problem_unsure_deterioriating,a_unstable,a_arrest,r_request,r_priority,r_patient_family_code_status,r_test_needed,r_change_treatment_ordered,r_freq_vital_signs,r_time_problem_will_last,r_problem_persist_contact,physician_analysis
235,1,2,2020-12-04 0:00,heart,idk,56,100,10,100,75 mmHg,Y,N,Y,N,Y,Y,Y,N,Y,N,N,Y,N,N,Y,N,26 mins,Y,cardiac arrest,Y,N,N,N,N,Y,Y,do something,1,Y,test needed: CXR,Y,freq: every hour,10 days,Y,physician analysis: hes dying
234,2,2,2020-12-02 0:00,heart,idk,56,100,10,100,75 mmHg,Y,N,Y,N,Y,Y,Y,N,Y,N,N,Y,N,N,Y,N,26 mins,Y,cardiac arrest,Y,N,N,N,N,Y,Y,do something,1,Y,test needed: CXR,Y,freq: every hour,10 days,Y,physician analysis: hes dying
234,2,2,2020-12-04 0:00,brain,idk,56,100,10,100,75 mmHg,Y,N,Y,N,Y,Y,Y,N,Y,N,N,Y,N,N,Y,N,26 mins,Y,gunshot wound,Y,N,N,N,N,Y,Y,do something,1,Y,test needed: CXR,Y,freq: every hour,10 days,Y,physician analysis: hes dying
251,3,1,2020-12-08 11:00,headache,idk,70,75,7,100,75 mmHg,Y,N,Y,N,Y,Y,Y,N,Y,N,N,Y,N,N,Y,N,26 mins,Y,headache,Y,N,N,N,N,Y,Y,do something,3,Y,test needed: CXR,Y,freq: every hour,10 days,Y,physician analysis: patient is restless
239,4,2,2017-02-04 0:00,heart,idk,56,90,10,100,75 mmHg,Y,N,Y,N,Y,Y,Y,N,Y,N,N,Y,N,N,Y,N,26 mins,Y,cardiac arrest,Y,N,N,N,N,Y,Y,do something,1,Y,test needed: CXR,Y,freq: every hour,10 days,Y,physician analysis: hes dying
239,4,3,2020-02-04 0:00,heart,idk,56,80,10,100,75 mmHg,Y,N,Y,N,Y,Y,Y,N,Y,N,N,Y,N,N,Y,N,26 mins,Y,brain,Y,N,N,N,N,Y,Y,do something,3,Y,test needed: CXR,Y,freq: every hour,10 days,Y,physician analysis: hes dying
240,4,1,2020-12-05 0:00,chilly man,idk,56,100,10,100,75 mmHg,Y,N,Y,N,Y,Y,Y,N,Y,N,N,Y,N,N,Y,N,26 mins,Y,cardiac arrest,Y,N,N,N,N,Y,Y,do something,1,Y,test needed: CXR,Y,freq: every hour,10 days,Y,physician analysis: hes dying
236,5,4,2006-02-04 0:00,heart,idk,56,100,10,100,75 mmHg,Y,N,Y,N,Y,Y,Y,N,Y,N,N,Y,N,N,Y,N,26 mins,Y,cardiac arrest,Y,N,N,N,N,Y,Y,do something,1,Y,test needed: CXR,Y,freq: every hour,10 days,Y,physician analysis: hes dying
236,5,4,2018-02-04 0:00,heart,idk,56,90,10,100,75 mmHg,Y,N,Y,N,Y,Y,Y,N,Y,N,N,Y,N,N,Y,N,26 mins,Y,cardiac arrest,Y,N,N,N,N,Y,Y,do something,1,Y,test needed: CXR,Y,freq: every hour,10 days,Y,physician analysis: hes dying
